nx,ny,nz,dt,tsr,cp,cd
48.0,48.0,32.0,0.05,1.9000000000000008,0.3013104768295639,1.0809537285836721
48.0,48.0,32.0,0.04,1.9000000000000004,0.2934595581439826,1.0710576097350921
48.0,48.0,32.0,0.03,1.9,0.2838392907379381,1.0590488859893958
48.0,48.0,32.0,0.02,1.9000000000000008,0.27211837869204997,1.0437387025391986
48.0,48.0,32.0,0.01,1.9000000000000004,0.25824886996647045,1.0249182596041262
48.0,48.0,32.0,0.006999999999999999,1.9,0.2536940540231692,1.0185552232268484
48.0,48.0,32.0,0.005,1.9,0.2507684453498772,1.0143647731207588
48.0,48.0,32.0,0.003,1.8999999999999997,0.24779716356675255,1.0100662671798022
