nx,ny,nz,dt,tsr,cp,cd
36.0,36.0,27.0,0.05,1.9110127214586885,0.3489224637748721,1.0707258923239673
36.0,36.0,27.0,0.04,1.91104393332908,0.3390244792083421,1.0610676916980526
36.0,36.0,27.0,0.03,1.9110514102288119,0.32772573278800393,1.0485894105116138
36.0,36.0,27.0,0.02,1.911035134704636,0.3139294936350397,1.032465413979894
36.0,36.0,27.0,0.01,1.910995025029833,0.29778022813017474,1.0122901029227274
36.0,36.0,27.0,0.006999999999999999,1.910957336489208,0.2925662684300597,1.0055344171931166
36.0,36.0,27.0,0.005,1.9109659893824624,0.2892037535106404,1.0010109873035642
36.0,36.0,27.0,0.003,1.9109526915361537,0.2859144178260947,0.9964930673910058
36.0,36.0,27.0,0.001,1.910938429105911,0.2831109870767775,0.9924551129534581
