nx,ny,nz,dt,tsr,cp,cd
36.0,36.0,24.0,0.05,1.9000000000000008,0.3011374010190985,1.083033335681541
36.0,36.0,24.0,0.04,1.9000000000000004,0.29536430755147763,1.076625837094276
36.0,36.0,24.0,0.03,1.9,0.2885485442528377,1.0686862835257724
36.0,36.0,24.0,0.02,1.9000000000000008,0.2806861517684866,1.0590158631388542
36.0,36.0,24.0,0.01,1.9000000000000004,0.27163923749998387,1.0475664053822193
