nx,ny,nz,dt,tsr,cp,cd
48.0,48.0,32.0,0.05,1.9000000000000021,0.3013128053689164,1.0809584739624258
48.0,48.0,32.0,0.04,1.9000000000000028,0.2934595842285665,1.0710583616257758
48.0,48.0,32.0,0.03,1.9000000000000041,0.2838400335260892,1.0590505715181189
48.0,48.0,32.0,0.02,1.9000000000000008,0.2721181288474065,1.0437372018686633
48.0,48.0,32.0,0.01,1.8999999999999893,0.2582456869177076,1.0249162506892953
48.0,48.0,32.0,0.006999999999999999,1.8999999999999857,0.25369897527518165,1.0185655223417975
48.0,48.0,32.0,0.005,1.8999999999999952,0.2507675470833153,1.0143612324485098
48.0,48.0,32.0,0.003,1.9000000000000334,0.24779906786202116,1.010072971073638
