nx,ny,nz,dt,tsr,cp,cd
12.0,12.0,9.0,0.005,1.9,0.4034893547063195,1.2873253901731063
18.0,18.0,13.0,0.005,1.9,0.3275772933604221,1.1705303173273924
24.0,24.0,18.0,0.005,1.9,0.2868737678115807,1.0996785450993478
30.0,30.0,22.0,0.005,1.9,0.2659192389940286,1.0630946776099883
36.0,36.0,27.0,0.005,1.9,0.2517404651150725,1.0385922791989084
42.0,42.0,31.0,0.005,1.9,0.2430342943479437,1.0238981569588468
48.0,48.0,36.0,0.005,1.9000000000000001,0.2363680220437999,1.0127910109185023
