nx,ny,nz,dt,tsr,cp,cd
16.0,16.0,12.0,0.005,1.9109659893824624,0.25455336319810634,0.9584562328251398
24.0,24.0,18.0,0.005,1.9109659893824624,0.2587090519161929,0.9630088786920268
32.0,32.0,24.0,0.005,1.9109659893824624,0.2606126500178141,0.966177890722273
40.0,40.0,30.0,0.005,1.9109659893824624,0.2614829905810497,0.9685553681793064
48.0,48.0,36.0,0.005,1.9109659893824624,0.26200617512456936,0.9701969077185241
56.0,56.0,42.0,0.005,1.9109659893824624,0.26239609542842124,0.9714783489822846
64.0,64.0,48.0,0.005,1.9109659893824624,0.2626628984157978,0.9723715299740168
72.0,72.0,54.0,0.005,1.9109659893824626,0.2628739931993609,0.9731618142850866
