nx,ny,nz,dt,tsr,cp,cd
48.0,48.0,32.0,0.02375,0.3999999999999991,0.055982166254611,0.4669156443772048
48.0,48.0,32.0,0.0105555555556,0.900000000000004,0.15670949345897076,0.6234845791570638
48.0,48.0,32.0,0.00678571428571,1.3999999999999884,0.2824049109762737,0.8783700350784871
48.0,48.0,32.0,0.005,1.8999999999999952,0.37662343036416857,1.1664767902657531
48.0,48.0,32.0,0.00395833333333,2.4000000000000306,0.36740110010689503,1.3568902757781771
48.0,48.0,32.0,0.00327586206897,2.9000000000000496,0.3116346322640204,1.5199520669906974
