nx,ny,nz,dt,tsr,cp,cd
48.0,48.0,32.0,0.02375,0.3999999999999991,0.03522384753007042,0.4752579276312597
48.0,48.0,32.0,0.0105555555556,0.900000000000004,0.08833890690707134,0.5884818805830172
48.0,48.0,32.0,0.00678571428571,1.3999999999999884,0.1844225821446268,0.7774830985903196
48.0,48.0,32.0,0.005,1.8999999999999952,0.2507675470833153,1.0143612324485098
48.0,48.0,32.0,0.00395833333333,2.4000000000000306,0.2410679246201968,1.1776247675916671
48.0,48.0,32.0,0.00327586206897,2.9000000000000496,0.19901547817793266,1.3311613925039572
