nx,ny,nz,dt,tsr,cp,cd
48.0,48.0,32.0,0.02375,0.3999999999999991,0.07050511547515458,0.5321115083430237
48.0,48.0,32.0,0.0105555555556,0.900000000000004,0.1857559704070552,0.7093782580675859
48.0,48.0,32.0,0.00678571428571,1.3999999999999884,0.2506108356092794,0.9371539696375568
48.0,48.0,32.0,0.005,1.8999999999999952,0.270450364534452,1.2293432041699852
48.0,48.0,32.0,0.00395833333333,2.4000000000000306,0.16389660563085942,1.4102459081820158
48.0,48.0,32.0,0.0032758620689699995,2.9000000000000496,0.08121522638669458,1.6066783978416919
