nx,ny,nz,dt,tsr,cp,cd
36.0,36.0,24.0,0.02375,0.3999999999999991,0.03535457820650455,0.4942181706572129
36.0,36.0,24.0,0.0105555555556,0.900000000000004,0.08829095986871884,0.6070768409928382
36.0,36.0,24.0,0.00678571428571,1.3999999999999884,0.19342212074784648,0.799161598274176
36.0,36.0,24.0,0.005,1.8999999999999952,0.26697381817538984,1.041467132103273
36.0,36.0,24.0,0.00395833333333,2.4000000000000306,0.2653773162634929,1.2113879365394382
36.0,36.0,24.0,0.0032758620689699995,2.9000000000000496,0.23108903082471965,1.3709406371663073
36.0,36.0,24.0,0.00279411764706,3.4000000000000608,0.1268140521563462,1.4691783825016782
